{
  "accuracy": [
    0.6987291574478149,
    0.785770833492279,
    0.8141250014305115,
    0.827833354473114,
    0.8364375233650208,
    0.8444374799728394,
    0.8498749732971191,
    0.8535833358764648,
    0.859416663646698,
    0.8631666898727417,
    0.8670833110809326,
    0.8677499890327454,
    0.8677291870117188,
    0.8806458115577698,
    0.8819375038146973,
    0.8840208053588867,
    0.8852083086967468,
    0.8862291574478149,
    0.8867499828338623,
    0.8863750100135803,
    0.8883333206176758,
    0.8886250257492065,
    0.8898125290870667,
    0.8899166584014893,
    0.8909791707992554,
    0.890500009059906,
    0.8918958306312561,
    0.8910624980926514,
    0.8926666378974915,
    0.8961666822433472,
    0.9003124833106995,
    0.9025416374206543,
    0.9014166593551636,
    0.9009166955947876,
    0.9041041731834412,
    0.9035833477973938,
    0.9041041731834412,
    0.9048749804496765,
    0.9081875085830688,
    0.9074166417121887,
    0.9091249704360962,
    0.9091874957084656,
    0.9088125228881836,
    0.9105416536331177,
    0.9127291440963745,
    0.9118333458900452,
    0.9128749966621399,
    0.9131249785423279,
    0.9135833382606506,
    0.913687527179718
  ],
  "loss": [
    0.8910664916038513,
    0.6540125012397766,
    0.5861082077026367,
    0.5500003099441528,
    0.5325120091438293,
    0.5173558592796326,
    0.5037096738815308,
    0.4990590512752533,
    0.4918909966945648,
    0.48409366607666016,
    0.48182836174964905,
    0.47466492652893066,
    0.47871801257133484,
    0.4424913823604584,
    0.4289216995239258,
    0.4223206341266632,
    0.41760745644569397,
    0.4084335267543793,
    0.4032920002937317,
    0.40150225162506104,
    0.40042561292648315,
    0.3939950466156006,
    0.39232170581817627,
    0.3904045522212982,
    0.3874290883541107,
    0.387870728969574,
    0.3825402855873108,
    0.38384386897087097,
    0.3798271119594574,
    0.3683200180530548,
    0.3556479215621948,
    0.3496827483177185,
    0.3508857786655426,
    0.34660604596138,
    0.340802401304245,
    0.3375402092933655,
    0.3394002616405487,
    0.3306896686553955,
    0.3256829082965851,
    0.32430213689804077,
    0.32175391912460327,
    0.3188554048538208,
    0.3172168731689453,
    0.312783807516098,
    0.3084045648574829,
    0.30484285950660706,
    0.3054003417491913,
    0.3033164143562317,
    0.3008607029914856,
    0.299669474363327
  ],
  "val_accuracy": [
    0.8028333187103271,
    0.8226666450500488,
    0.8544166684150696,
    0.8640833497047424,
    0.8708333373069763,
    0.8744166493415833,
    0.8845833539962769,
    0.8840833306312561,
    0.8785833120346069,
    0.8956666588783264,
    0.8799166679382324,
    0.8644999861717224,
    0.890916645526886,
    0.9004166722297668,
    0.8973333239555359,
    0.9036666750907898,
    0.9042500257492065,
    0.8969166874885559,
    0.8980000019073486,
    0.9022499918937683,
    0.906000018119812,
    0.8999166488647461,
    0.9077500104904175,
    0.9106666445732117,
    0.9026666879653931,
    0.9086666703224182,
    0.8985000252723694,
    0.905916690826416,
    0.9024166464805603,
    0.9120833277702332,
    0.9141666889190674,
    0.9207500219345093,
    0.9200833439826965,
    0.9139999747276306,
    0.9225833415985107,
    0.9191666841506958,
    0.9153333306312561,
    0.9190000295639038,
    0.9209166765213013,
    0.9151666760444641,
    0.9208333492279053,
    0.9208333492279053,
    0.9185000061988831,
    0.9130833148956299,
    0.918916642665863,
    0.922166645526886,
    0.921583354473114,
    0.9235000014305115,
    0.9214166402816772,
    0.92208331823349
  ],
  "val_loss": [
    0.5896391868591309,
    0.5511234402656555,
    0.47689342498779297,
    0.45555952191352844,
    0.4455183446407318,
    0.4476041793823242,
    0.409128874540329,
    0.4117567539215088,
    0.4211793541908264,
    0.40283089876174927,
    0.43478214740753174,
    0.4559400975704193,
    0.40979570150375366,
    0.37954652309417725,
    0.3815750777721405,
    0.36267995834350586,
    0.3529077470302582,
    0.37002354860305786,
    0.3632839620113373,
    0.3487991988658905,
    0.349045991897583,
    0.35442572832107544,
    0.3328903913497925,
    0.332837849855423,
    0.3492334485054016,
    0.33277252316474915,
    0.34968897700309753,
    0.33387240767478943,
    0.3383752703666687,
    0.31991079449653625,
    0.31407108902931213,
    0.29913458228111267,
    0.2987706661224365,
    0.3118371069431305,
    0.29129481315612793,
    0.29715386033058167,
    0.3032075762748718,
    0.294295072555542,
    0.291934072971344,
    0.3049509823322296,
    0.28753331303596497,
    0.2883225977420807,
    0.2932877540588379,
    0.3040691912174225,
    0.28979456424713135,
    0.2855255901813507,
    0.28495779633522034,
    0.2813416123390198,
    0.2805761992931366,
    0.2802577018737793
  ],
  "learning_rate": [
    0.0010000000474974513,
    0.0010000000474974513,
    0.0010000000474974513,
    0.0010000000474974513,
    0.0010000000474974513,
    0.0010000000474974513,
    0.0010000000474974513,
    0.0010000000474974513,
    0.0010000000474974513,
    0.0010000000474974513,
    0.0010000000474974513,
    0.0010000000474974513,
    0.0010000000474974513,
    0.0005000000237487257,
    0.0005000000237487257,
    0.0005000000237487257,
    0.0005000000237487257,
    0.0005000000237487257,
    0.0005000000237487257,
    0.0005000000237487257,
    0.0005000000237487257,
    0.0005000000237487257,
    0.0005000000237487257,
    0.0005000000237487257,
    0.0005000000237487257,
    0.0005000000237487257,
    0.0005000000237487257,
    0.0005000000237487257,
    0.0005000000237487257,
    0.0002500000118743628,
    0.0002500000118743628,
    0.0002500000118743628,
    0.0002500000118743628,
    0.0002500000118743628,
    0.0002500000118743628,
    0.0002500000118743628,
    0.0002500000118743628,
    0.0002500000118743628,
    0.0001250000059371814,
    0.0001250000059371814,
    0.0001250000059371814,
    0.0001250000059371814,
    0.0001250000059371814,
    0.0001250000059371814,
    6.25000029685907e-05,
    6.25000029685907e-05,
    6.25000029685907e-05,
    6.25000029685907e-05,
    6.25000029685907e-05,
    6.25000029685907e-05
  ]
}