{
  "accuracy": [
    0.750166654586792,
    0.8366875052452087,
    0.8552083373069763,
    0.8671666383743286,
    0.8742916584014893,
    0.8768958449363708,
    0.8808541893959045,
    0.8848333358764648,
    0.887416660785675,
    0.8918958306312561,
    0.8924375176429749,
    0.8957291841506958,
    0.898312509059906,
    0.9028750061988831,
    0.9039583206176758,
    0.9053124785423279,
    0.9075416922569275,
    0.9106249809265137,
    0.9122708439826965,
    0.9145625233650208,
    0.9183333516120911,
    0.9211458563804626,
    0.9228958487510681,
    0.9264583587646484,
    0.9267083406448364,
    0.929395854473114,
    0.9319166541099548,
    0.9352499842643738,
    0.9382083415985107,
    0.940625011920929,
    0.942354142665863,
    0.9461041688919067,
    0.9472916722297668,
    0.9497708082199097,
    0.9523125290870667,
    0.9531041383743286,
    0.9562291502952576,
    0.9552083611488342,
    0.9573958516120911,
    0.9558541774749756
  ],
  "loss": [
    0.8668295741081238,
    0.6266390085220337,
    0.5557296276092529,
    0.5118626356124878,
    0.48445388674736023,
    0.4654330909252167,
    0.4539029598236084,
    0.4421364665031433,
    0.433677077293396,
    0.42147359251976013,
    0.4119511842727661,
    0.40052518248558044,
    0.3959867060184479,
    0.38119855523109436,
    0.37494874000549316,
    0.3660162091255188,
    0.3566291034221649,
    0.34800997376441956,
    0.33905890583992004,
    0.33100998401641846,
    0.3199707865715027,
    0.3101750910282135,
    0.3005613684654236,
    0.2890453636646271,
    0.2829003930091858,
    0.2741040289402008,
    0.26588696241378784,
    0.256422758102417,
    0.24542994797229767,
    0.2375352531671524,
    0.22971448302268982,
    0.22000986337661743,
    0.21487335860729218,
    0.20945483446121216,
    0.20252005755901337,
    0.1983409970998764,
    0.19113777577877045,
    0.19190582633018494,
    0.18826895952224731,
    0.1879451423883438
  ],
  "val_accuracy": [
    0.13324999809265137,
    0.7982500195503235,
    0.7641666531562805,
    0.800083339214325,
    0.7627500295639038,
    0.8184166550636292,
    0.8190000057220459,
    0.8612499833106995,
    0.7712500095367432,
    0.8870000243186951,
    0.8464999794960022,
    0.859000027179718,
    0.7834166884422302,
    0.8706666827201843,
    0.878000020980835,
    0.8330833315849304,
    0.8813333511352539,
    0.8700833320617676,
    0.8811666369438171,
    0.8819166421890259,
    0.8829166889190674,
    0.9117500185966492,
    0.8870000243186951,
    0.9089166522026062,
    0.922249972820282,
    0.9117500185966492,
    0.9170833230018616,
    0.9072499871253967,
    0.9191666841506958,
    0.9231666922569275,
    0.925000011920929,
    0.9284999966621399,
    0.9275000095367432,
    0.9320833086967468,
    0.9329166412353516,
    0.9322500228881836,
    0.9339166879653931,
    0.9350833296775818,
    0.934416651725769,
    0.9349166750907898
  ],
  "val_loss": [
    6.108401775360107,
    0.7085292339324951,
    0.808186948299408,
    0.657375156879425,
    0.7903578281402588,
    0.6381949782371521,
    0.6304129362106323,
    0.4985104501247406,
    0.7185668349266052,
    0.43152475357055664,
    0.5265463590621948,
    0.49746060371398926,
    0.6963692307472229,
    0.47097155451774597,
    0.42500442266464233,
    0.5904633402824402,
    0.44013965129852295,
    0.4598146080970764,
    0.41757556796073914,
    0.42566394805908203,
    0.4204612672328949,
    0.3279573619365692,
    0.40011975169181824,
    0.339402973651886,
    0.3026762008666992,
    0.33264052867889404,
    0.3109804689884186,
    0.3414756655693054,
    0.3055371344089508,
    0.2881543040275574,
    0.28643763065338135,
    0.27780991792678833,
    0.2798709273338318,
    0.2637954652309418,
    0.26314276456832886,
    0.2620202898979187,
    0.2583913505077362,
    0.2567751407623291,
    0.25624993443489075,
    0.2554436922073364
  ]
}