{
  "loss": [
    1.0505149364471436,
    0.611254096031189,
    0.530524492263794,
    0.4773271977901459,
    0.4425256848335266,
    0.4149555265903473,
    0.3947618007659912,
    0.37772396206855774,
    0.3631558418273926,
    0.3504585027694702,
    0.3382583558559418,
    0.33056777715682983,
    0.31976771354675293,
    0.3102242946624756,
    0.3042939603328705,
    0.29762566089630127,
    0.2901436388492584,
    0.28391072154045105,
    0.27885502576828003,
    0.27375030517578125,
    0.2681894898414612,
    0.2654055058956146,
    0.25973936915397644,
    0.2551841735839844,
    0.25180286169052124
  ],
  "accuracy": [
    0.6399375200271606,
    0.7780207991600037,
    0.8073541522026062,
    0.8255208134651184,
    0.8420000076293945,
    0.8493333458900452,
    0.8583541512489319,
    0.8637291789054871,
    0.8692083358764648,
    0.8747082948684692,
    0.8788958191871643,
    0.8808749914169312,
    0.8853124976158142,
    0.8882707953453064,
    0.8914791345596313,
    0.8926458358764648,
    0.8957708477973938,
    0.8974375128746033,
    0.9003750085830688,
    0.9011041522026062,
    0.9041875004768372,
    0.9033958315849304,
    0.9048125147819519,
    0.9077916741371155,
    0.9096041321754456
  ],
  "val_loss": [
    0.6921456456184387,
    0.5424397587776184,
    0.5633233785629272,
    0.46491461992263794,
    0.423128217458725,
    0.3898742198944092,
    0.3794739544391632,
    0.3599853813648224,
    0.35258403420448303,
    0.3407922089099884,
    0.3287828266620636,
    0.3364717960357666,
    0.33121827244758606,
    0.32071033120155334,
    0.3217306137084961,
    0.30901750922203064,
    0.29679039120674133,
    0.29564452171325684,
    0.29559415578842163,
    0.28598639369010925,
    0.31241944432258606,
    0.2878221273422241,
    0.2909969985485077,
    0.2830318510532379,
    0.2785922884941101
  ],
  "val_accuracy": [
    0.73458331823349,
    0.8075000047683716,
    0.7754166722297668,
    0.8264999985694885,
    0.8445833325386047,
    0.8622499704360962,
    0.8614166378974915,
    0.871833324432373,
    0.872166633605957,
    0.878083348274231,
    0.8823333382606506,
    0.8787499666213989,
    0.8798333406448364,
    0.8855000138282776,
    0.8832499980926514,
    0.8885833024978638,
    0.8946666717529297,
    0.8966666460037231,
    0.8917499780654907,
    0.8965833187103271,
    0.8857499957084656,
    0.8948333263397217,
    0.8972499966621399,
    0.8977500200271606,
    0.8973333239555359
  ]
}