{
  "accuracy": [
    0.7300416827201843,
    0.8152291774749756,
    0.8379999995231628,
    0.8537291884422302,
    0.8638333082199097,
    0.871916651725769,
    0.878125011920929,
    0.8845833539962769,
    0.8883541822433472,
    0.8922291398048401,
    0.893666684627533,
    0.8977708220481873,
    0.9022916555404663,
    0.9051666855812073,
    0.9055416584014893,
    0.9067083597183228,
    0.9079375267028809,
    0.9131875038146973,
    0.913729190826416,
    0.9152916669845581,
    0.917020857334137,
    0.9198750257492065,
    0.922208309173584,
    0.9227499961853027,
    0.9244999885559082,
    0.9263749718666077,
    0.926687479019165,
    0.9273750185966492,
    0.9305208325386047,
    0.9313541650772095,
    0.9333750009536743,
    0.9323958158493042,
    0.934208333492279,
    0.934499979019165,
    0.9384375214576721,
    0.9377291798591614,
    0.9392291903495789,
    0.9419583082199097,
    0.9424791932106018,
    0.9444583058357239,
    0.9442708492279053,
    0.9451666474342346,
    0.945604145526886,
    0.9472708106040955,
    0.9484583139419556,
    0.9484583139419556,
    0.9504166841506958,
    0.9498541951179504,
    0.9514791369438171,
    0.9514374732971191
  ],
  "loss": [
    0.9274015426635742,
    0.6911594271659851,
    0.6239027380943298,
    0.5813834071159363,
    0.5496987104415894,
    0.5253779888153076,
    0.5047764778137207,
    0.48549026250839233,
    0.46989381313323975,
    0.4577508270740509,
    0.44959285855293274,
    0.4360629916191101,
    0.42248469591140747,
    0.4136899411678314,
    0.4024619460105896,
    0.3979059159755707,
    0.39260831475257874,
    0.378680944442749,
    0.37561699748039246,
    0.36902865767478943,
    0.3604361116886139,
    0.35377269983291626,
    0.3467986285686493,
    0.3428781032562256,
    0.3350597321987152,
    0.3304329216480255,
    0.327551931142807,
    0.32143011689186096,
    0.3162051737308502,
    0.3091045618057251,
    0.30567407608032227,
    0.3042590618133545,
    0.29877814650535583,
    0.296947717666626,
    0.28793397545814514,
    0.2856610417366028,
    0.2818465530872345,
    0.27625375986099243,
    0.2734164297580719,
    0.2692200839519501,
    0.2688908576965332,
    0.263388067483902,
    0.2604435980319977,
    0.2586696743965149,
    0.25482887029647827,
    0.25320494174957275,
    0.2491931915283203,
    0.24923482537269592,
    0.2458227127790451,
    0.2446204572916031
  ],
  "val_accuracy": [
    0.7059166431427002,
    0.7827500104904175,
    0.7665833234786987,
    0.8258333206176758,
    0.8555833101272583,
    0.8733333349227905,
    0.8629999756813049,
    0.8770833611488342,
    0.8728333115577698,
    0.8910833597183228,
    0.8963333368301392,
    0.8860833048820496,
    0.890333354473114,
    0.8919166922569275,
    0.871833324432373,
    0.8990833163261414,
    0.8970833420753479,
    0.9071666598320007,
    0.893833339214325,
    0.8854166865348816,
    0.8794999718666077,
    0.8742499947547913,
    0.9027500152587891,
    0.8981666564941406,
    0.9115833044052124,
    0.9076666831970215,
    0.8924166560173035,
    0.9081666469573975,
    0.9168333411216736,
    0.9151666760444641,
    0.9099166393280029,
    0.9190000295639038,
    0.9149166941642761,
    0.9212499856948853,
    0.9265000224113464,
    0.9098333120346069,
    0.9025833606719971,
    0.9130833148956299,
    0.9195833206176758,
    0.9285833239555359,
    0.9235833287239075,
    0.9267500042915344,
    0.9245833158493042,
    0.9265833497047424,
    0.9264166951179504,
    0.9290000200271606,
    0.9294166564941406,
    0.9275000095367432,
    0.9278333187103271,
    0.9265833497047424
  ],
  "val_loss": [
    0.966941237449646,
    0.7650512456893921,
    0.7569000720977783,
    0.6570035219192505,
    0.5647616982460022,
    0.5142229795455933,
    0.5353967547416687,
    0.4969768822193146,
    0.5045439600944519,
    0.45879021286964417,
    0.44212499260902405,
    0.4643412232398987,
    0.45625630021095276,
    0.44860073924064636,
    0.5245660543441772,
    0.4262995719909668,
    0.4323396384716034,
    0.4011598825454712,
    0.4335438311100006,
    0.46617719531059265,
    0.47766637802124023,
    0.4967450797557831,
    0.4051618278026581,
    0.4249957203865051,
    0.37270817160606384,
    0.3873121738433838,
    0.43325096368789673,
    0.385464608669281,
    0.357622891664505,
    0.36963126063346863,
    0.38404548168182373,
    0.34682250022888184,
    0.3624359965324402,
    0.3408908545970917,
    0.3279460370540619,
    0.38706469535827637,
    0.3935052752494812,
    0.36113882064819336,
    0.34842634201049805,
    0.32303404808044434,
    0.3389745354652405,
    0.32716453075408936,
    0.3324791193008423,
    0.3297411799430847,
    0.32734307646751404,
    0.32598525285720825,
    0.324628621339798,
    0.32939982414245605,
    0.3248275816440582,
    0.3271576464176178
  ]
}