{
  "accuracy": [
    0.6710833311080933,
    0.7781875133514404,
    0.8052708506584167,
    0.8245000243186951,
    0.8379999995231628,
    0.8488125205039978,
    0.8571458458900452,
    0.8637916445732117,
    0.870479166507721,
    0.8756666779518127,
    0.8792499899864197,
    0.8832499980926514,
    0.8855624794960022,
    0.8888333439826965,
    0.8912083506584167,
    0.893791675567627,
    0.8955416679382324,
    0.8977083563804626,
    0.8990625143051147,
    0.9009791612625122,
    0.9022916555404663,
    0.9038749933242798,
    0.9056249856948853,
    0.9068333506584167,
    0.9085416793823242
  ],
  "loss": [
    0.9801529049873352,
    0.6072066426277161,
    0.5327054858207703,
    0.4836607575416565,
    0.44778499007225037,
    0.4197588562965393,
    0.39774829149246216,
    0.3793843686580658,
    0.3637206554412842,
    0.3504174053668976,
    0.33881625533103943,
    0.3286761939525604,
    0.31959134340286255,
    0.31156620383262634,
    0.30426713824272156,
    0.29741010069847107,
    0.2910611033439636,
    0.2851369380950928,
    0.27964043617248535,
    0.27442607283592224,
    0.2695762813091278,
    0.2647881805896759,
    0.2602597177028656,
    0.25598040223121643,
    0.2520321309566498
  ],
  "val_accuracy": [
    0.7570000290870667,
    0.7947499752044678,
    0.8162500262260437,
    0.8299166560173035,
    0.8366666436195374,
    0.8457499742507935,
    0.8501666784286499,
    0.8565833568572998,
    0.8641666769981384,
    0.8680833578109741,
    0.8709999918937683,
    0.8745833039283752,
    0.8777499794960022,
    0.8774166703224182,
    0.8810833096504211,
    0.8824999928474426,
    0.8845000267028809,
    0.8856666684150696,
    0.887583315372467,
    0.8886666893959045,
    0.890999972820282,
    0.8913333415985107,
    0.8922500014305115,
    0.8932499885559082,
    0.8945000171661377
  ],
  "val_loss": [
    0.6502023935317993,
    0.5524267554283142,
    0.5012356042861938,
    0.4658527970314026,
    0.43847668170928955,
    0.41793307662010193,
    0.40155160427093506,
    0.38604605197906494,
    0.37486281991004944,
    0.3652874231338501,
    0.35649755597114563,
    0.3484730124473572,
    0.3410664200782776,
    0.33543241024017334,
    0.3289315700531006,
    0.3235494792461395,
    0.3178215026855469,
    0.31282559037208557,
    0.30798760056495667,
    0.30492860078811646,
    0.30093586444854736,
    0.2984236776828766,
    0.29554951190948486,
    0.2932896614074707,
    0.2908925712108612
  ]
}