{
  "loss": [
    0.8530454039573669,
    0.6147488355636597,
    0.5457973480224609,
    0.5211828351020813,
    0.47389286756515503,
    0.4558044373989105,
    0.44893407821655273,
    0.42178186774253845
  ],
  "accuracy": [
    0.7125208377838135,
    0.7984791398048401,
    0.8268541693687439,
    0.8380833268165588,
    0.8540208339691162,
    0.8606874942779541,
    0.8637916445732117,
    0.8728333115577698
  ],
  "val_loss": [
    1.5713083744049072,
    1.7283012866973877,
    1.6867055892944336,
    1.7222803831100464,
    1.6418123245239258,
    1.8178327083587646,
    2.034045934677124,
    1.732156753540039
  ],
  "val_accuracy": [
    0.6268333196640015,
    0.6360833048820496,
    0.6379166841506958,
    0.6359166502952576,
    0.6368333101272583,
    0.6558333039283752,
    0.6271666884422302,
    0.6516666412353516
  ],
  "lr": [
    0.0010000000474974513,
    0.0010000000474974513,
    0.0010000000474974513,
    0.0010000000474974513,
    0.0005000000237487257,
    0.0005000000237487257,
    0.0005000000237487257,
    0.0002500000118743628
  ]
}